{
	"replace": false,
	"values": [
		{
			"id": "biomesoplenty:fir_planks",
			"required": false
		},
		{
			"id": "biomesoplenty:redwood_planks",
			"required": false
		},
		{
			"id": "biomesoplenty:mahogany_planks",
			"required": false
		},
		{
			"id": "biomesoplenty:jacaranda_planks",
			"required": false
		},
		{
			"id": "biomesoplenty:palm_planks",
			"required": false
		},
		{
			"id": "biomesoplenty:willow_planks",
			"required": false
		},
		{
			"id": "biomesoplenty:dead_planks",
			"required": false
		},
		{
			"id": "biomesoplenty:magic_planks",
			"required": false
		},
		{
			"id": "biomesoplenty:umbran_planks",
			"required": false
		},
		{
			"id": "biomesoplenty:hellbark_planks",
			"required": false
		},
		{
			"id": "biomesoplenty:magic_planks",
			"required": false
		},
		{
			"id": "alexscaves:pewen_planks",
			"required": false
		},
		{
			"id": "cobblemon:apricorn_planks",
			"required": false
		},
		{
			"id": "flying_stuff:f_iery_planks",
			"required": false
		},
		{
			"id": "flying_stuff:lavic_planks",
			"required": false
		},
		{
			"id": "flying_stuff:glaciated_planks",
			"required": false
		},
		{
			"id": "forbidden_arcanus:fungyss_planks",
			"required": false
		},
		{
			"id": "forbidden_arcanus:aurum_planks",
			"required": false
		},
		{
			"id": "forbidden_arcanus:edelwood_planks",
			"required": false
		},
		{
			"id": "#forge:planks/archwood",
			"required": false
		},
		{
			"id": "ecologics:coconut_planks",
			"required": false
		},
		{
			"id": "ecologics:walnut_planks",
			"required": false
		},
		{
			"id": "ecologics:azalea_planks",
			"required": false
		},
		{
			"id": "ecologics:flowering_azalea_planks",
			"required": false
		},
		{
			"id": "ecologics:coconut_planks",
			"required": false
		},
		{
			"id": "alexscaves:thornwood_planks",
			"required": false
		}
	]
}